M09AAD.076,ACTGTTACCACTCTCTCATCAACCT,CACCAACCACTGGTGAA,CCAACCGCTGGTGAA
M09AAE.082,CTATGTGCAGTGCCCTTCTCA,AGGTTGTTTTACAAATTTAA,AGGTTGTTTTACACATTTAA
M09AAJ.163,TCCCATGGCCCTTACTCTATCAA,AACAAAGTGAAAGTGTCCTTA,CAAAGTGAAAGTGTCTTTA
OMS00002,TTTGATTTGATTTGTATCTGCTTCTT,TGTTTTGCAGCGCTC,TGTTTGGCAGCGCT
OMS00006,TCCACGTAGGACATAGTTTGAGCTA,CACTTACAAATACAAAATT,CTTACAAATGCAAAATT
OMS00024,CACATACAACCATCACCCTTCCTAA,AA[AC]CCCAAATTTTAC,AA[CA]CCCAATTTTAC
OMS00039,GTCAGTACTGTGTGTGTCTGTGT,GTACGTGTCTCTGACC,GTGCGTGTCTCTGACC
OMS00053,GGAGCCAGGTCAAGGTGATC,ATTTATATGTATCAATCA,ATTTATACGTATCAATCA
OMS00057,GAGAAAGGGAGCATGAGACAGA,CTCCACAGAACCTTG,CTCCACAGCACCTTG
OMS00058,GTGACATTTGGAGCCACTGC,CAACACTTTGTACCCCTC,CACTTTGCACCCCTC
OMS00062,ACCCTGGGAAGGCTACTGTAC,TTGACCAGCAGATGGTGTA,ACCAGCAGGTGGTGTA
OMS00064,GTGGATATGTAGTTCGATGGAACAGT,CAGGCAACATTTTATATAACTA,CAGGCAACATTTTATCTAACTA
OMS00068,GCACTAACTGGACAACATTTTTAAGAATGA,AATATGCCTCCTTCGTCTC,TATGCCTCCTCCGTCTC
OMS00070,CGTTCCTGCGGGACAGT,CAAAATACGGAAATGCAG,AAATACGGGAATGCAG
OMS00071,CCGGAGTGACCTCACATTTGG,CTTGTTTGAGCTTTTTCT,TTGTTTGAGCCTTTTCT
OMS00072,GTGGGAGAGCTCGTCTATGG,TAGAAGGTCCATGTATCTC,AAGGTCCATGCATCTC
OMS00074,CCTGTTTATTCATCTAAACCAGTTCTTTAAAAT,TGAAACAAAACAAATGTTCC,AAACAAAACACATGTTCC
OMS00077,AATACCATCTTGAGCTCATTAGTAATTATTCAA,TTCCGGTGGTGAAGTT,CCGGTGCTGAAGTT
OMS00078,GAGGGAAGCAGCCATAAACAGAATA,TTCACATGCATAAGAGTG,TCACATGCATGAGAGTG
OMS00079,GTAACATTATGAATCTATCAGTTTCCCTAGCT,CTACTTTTCACAGTAACACAG,CTACTTTTCACAGTGACACAG
OMS00089,GCACCATTTGAATAAAAAATCTGCTTTGT,ATGAATCCCAAATAAGAAC,AATCCCAAACAAGAAC
OMS00090,AGGGCACAACACCACTCTAAATT,ACAACCACACAAGATT,AACCACGCAAGATT
OMS00101,GCGTGTCGTGGGTCAGTTAAATA,CTCTAGTAGCCTTATAGAAAG,CTAGTAGCCTTACAGAAAG
OMS00105,ACATTTGAAGTCAGTATGGGTGTTGAG,CTGCTATTCAAATTGCT,CTGCTATTCACATTGCT
OMS00106,CGTGTAGCATTCTTGAGGAAGCTT,TCTGATGGAAACTTTC,TGATGGCAACTTTC
OMS00111,CATGCGGACCTGCATAGCT,CAACCAGACTACCATTC,AACCAGACTGCCATTC
OMS00112,TGGCAGCAAAAGGGATGCA,CCGGTTTCAAGTTTACTTGT,CGGTTTCAAGTATACTTGT
OMS00118,GCTTATTTAGAGTGCATGCCAGATG,GCGGGGTGTGC[AG]CATT,GCGGGGGGTGC[AG]CATT
OMS00120,GGCAGAAGAGGAGAGAGATATGATTG,C[GA]CCCACTAAAAC,C[GA]CCCACCAAAAC
OMS00121,GGAAGGAGGTCCAGTGTGAGT,ACAGCGTGATAAATT,CAGCGTGGTAAATT
OMS00132,GTTTATGACTCCATTGCCGAAATGATT,CAGCAGTCCTCTGTGTGG,AGCAGTCCTCAGTGTGG
OMS00154,GATGTTGGCTGGAGGTGTAGT,ACAGGGCTTCTGATTGA,AGGGCTTCAGATTGA
OMS00175,TTGCGATATGGGACTGTATACATTTATTCC,ATCACTAGTTCAAATACAA,ATCACTAGTTCAGATACAA
OMS00179,GTCATAACAAAATCAGGGCTTTCCAA,TGCCTCTTCTCTTTTCTCAT,CCTCTTCTCTTGTCTCAT
OMS00180,GCGCCGAATGGCATTAGG,CTAAAAGTGCATTAAGCC,CTAAAAGTGCCTTAAGCC
Omy_101832-195,TGGCTCTGGACCTGTTGAGA,TGTAGTCTTTCAGAGTAGTATG,TAGTCTTTCAGAGGAGTATG
Omy_101993-189,ACAAAACACAGTGGAATTACAATTAACGTT,CTTGATTTGCAGCTTGTCAA,TGATTTGCAGCATGTCAA
Omy_102505-102,CTGCAAACTGACATGGTAGCAAAA,AACAGGATGTTTTTGC,CAGGATGCTTTTGC
Omy_104519-624,CGTGTGAGTTTGCGGTAAAGAC,CAGCAGGATACATCCGACT,AGCAGGATACGTCCGACT
Omy_105105-448,CAATTTGCAAGCAGGGAAAGGTTAT,AAGGAGAATGCATAATC,TGAAAGGAGAATACATAATC
Omy_105385-406,GTAACCTACCCTCACCTGAACTTCA,CTTGGAACCATTGCTAC,TTGGAACCGTTGCTAC
Omy_105714-265,CCACTCAGTGCAAGCATGGA,CTGTTGTTTGAGGTTCAG,TGTTGTTTGAGATTCAG
Omy_107806-34,TCTTTGTCCATGCACATTGATATT,ATTGGATGTCAGTGTCATT,ATTGGATGTCAATGTCATT
Omy_108007-193,GTGAATACCACCCAGGCTTGT,ATGTTTTCTCCCTACTTAAC,TTTTCTCCCCACTTAAC
Omy_109243-222,ATGTGCACCTCTTAAATTGTAAGTAAAATGT,TGTTCATTAAATTGACTTTTT,TTCATTAAATGGACTTTTT
Omy_109894-185,GGGAGGAATTGGAATGACAGATTAAC,CTCCCTGATCCCCC,CTCCCTGGTCCCCC
Omy_110064-419,GTGCAAGGGACCTAGCTAATCC,ACGTTAGCTTTTAATTTC,AACGTTAGCTTTTCATTTC
Omy_111383-51,CACGCGCAATCTCTCGTTTTAC,AGCAAGCGCACT[AG]GGT,AGCAAGTGCACT[AG]GGT
Omy_113490-159,CATAGTACATTTACAGATAATGTTTTAAAGTGCATGT,CATCTGTTTTGGTTTAGC,CATCTGTTTTAGTTTAGC
Omy_114315-438,CCTCACCGATCTAGTCAACTTCATC,TTATGGGCTTAAGGGTC,TTATGGGCTTACGGGTC
Omy_114587-480,CAGATTACGTTATTACGTTTGGGAAATTTTTAAGT,CCTGTCCAAAATTGT,CCTGTCCACAATTGT
Omy_116733-349,GAAATGGACATGCCTACAAATTGCT,AGAGAATCTGATAGTATTTC,AGAGAATCTGATAATATTTC
Omy_128923-433,ACGTTTCTTTGGGCTGAGACTTATT,CTTCATTTTCATTCACTGTTTT,CATTTTCATTCGCTGTTTT
Omy_129870-756,TCGTTATTTTGCCTCGCGGTA,ACAGGTATTTCGTGAAATG,CAGGTATTTCATGAAATG
Omy_130524-160,CGAAGGTAGCGATTGGTCGTT,ATGGCTTGATCCTCA,ATGGCTTCATCCTCA
Omy_97660-230,TCAGTTATGTGTAATCTCATTACCTCTCCAA,ACGTAACTTGTAGCGTTTT,ACGTAACTTGTACCGTTTT
Omy_99300-202,CAGTTTGACCCGATGGTGTGA,TCAGGCATGAGAGAAA,ATCAGGCATGTGAGAAA
Omy_ada10-71,TCTTTGAGCGACAAAGTCCTTGT,CTTCCTGCGTCCAA,CTTCCTGCATCCAA
Omy_aldB-165,GGGTTAGGTGGATTTGAAGGAGTAA,CTAAAATGAACTC[CT]CCACCA,CTAAAATGAACTCGCCACCA
Omy_anp-17,GGTAATGCCACATGCGGTAAATT,CTCTCATTGGTATAGTAACC,CTCATTGGTATATTAACC
Omy_arp-630,CTGCACAACTTGTTTCCTGCTATT,CCGCTCCGTCTGCT,CCGCTCTGTCTGCT
Omy_b1-266,TCATGTGAACTTTAATTGACTAGGAAGTCG,TCTATAAACAACATTTTTC,TCTATAAACAAAATTTTTC
Omy_BAC-B4-324,CGTACTTTTCTTTTACAAAATTAAGTGGAGGAT,CATTGCCAAATACG,TACATTGACAAATACG
Omy_bcAKala-380rd,TTGCTCTCTTCTGGTTGCCTTA,CATACCCATCCTATGTCAG,CATACTCATCCTATGTCAG
Omy_cd59-206,CGATTGGCCCAGATGTTTCCAT,CAACAATCGAAGGTAAAT,CAACAATCAAAGGTAAAT
Omy_colla1-525,CCTCGGCGTGACAACCT,CTGTTGGGAGAAGAG,TGTTGGGAAAAGAG
Omy_cox1-221,CACTGAACTGTAAGCCATTGTGATT,CGGTAAGACCATTAAAA,CGGTAAGACCATTTAAA
Omy_crb-106,GCTCAAAAAGATTCTGCCAAATTCACA,TTGCAATGCGTCTTT,TTGCAATGAGTCTTT
Omy_g12-82,GATCAATTCGATCGCTCATGAAACTT,CAAACTCTCAGGATTAG,AAACTCTCGGGATTAG
Omy_gluR-79,GACTGTCTATAGCTATTCTTCTCAAACTGT,CAAGTATTTTGCGTAGGAAT,CAAGTATTTTGCATAGGAAT
Omy_hsc715-80,CCGGTCTACCCTATAGCTGTTG,AACTGTATTTGGGAAAAT,ATAAACTGTATTTGTGAAAAT
Omy_hsf2-146,GGAGCAGAAAAAGGATTGGACCTT,ATAATCTACTA,ATAATCTAACA
Omy_Il-1b_.028,ACTGTCTGGCTAGAGCACATTG,CTGAGGCAACTTTTGT,TGAGGCAGCTTTTGT
Omy_IL17-185,CCACCACACTCTGCAGCTT,AAGAATCTCACCTGCCCAT,AAGAATCTCACTTGCCCAT
Omy_Il1b-198,TTTAATCTCGGTGCTGAGCTAGTG,GGGAATGAAGCAACAACTA,GGGAATGAAGCTACAACTA
Omy_IL6-320,CTTGTTCCTCGTTGTCTTCCTTCTA,CTATAGGAGAGAGGACAACA,ATAGGAGAGAAGACAACA
Omy_metA-161,CGCATGCACCAGTTGTAAGAAAG,CAAGTAAGTGGTTATATTCT,CAAGTAAGTGGTTCTATTCT
Omy_NaKATPa3-50,GTTGAGCGTGTTATGGGAAAAGAG,CACTCTGTTTCCTTTCTTT,TCTGTTTCCGTTCTTT
Omy_nkef-241,AGTGTCATTGATGTCGGCCTATTTT,CTTCTGTATCATTTTTG,TCTTCTGTATAATTTTTG
Omy_ntl-27,GGTGTGTTACTGTAGTTGTGTCCTT,CAGACAAGAGTACCCCAAGAC,CAGACAAGAGTACTCCAAGAC
Omy_Ogo4-212,TCCTCTCTCCCATTCAATCACTAATGA,CATTTGATGAGACATCTT,ATTTGATGAGGCATCTT
Omy_Ots249-227,CCCCTAGATTAAACCTGTCCAGTCT,CCCTCTGAGAACTAC,CCTCTGAAAACTAC
Omy_oxct-85,CGTCACTGAAACATTACTGTAACATCCA,CATCGCTTATTTATGC,CATCGCTAATTTATGC
Omy_p53-262,CCCCAACATCCAGTATACAGTTTCA,CAAGTAGTATGGAGCTCTAT,AAGTAGTATGGTGCTCTAT
Omy_rapd-167,CCCAACATGCTCTATTGCAGCTA,AAACAATCCCCCCCAAA,AAACAATCCCACCCAAA
Omy_rbm4b-203,CTGAAATTTGATGAATGGAAGCTGCA,CACGTTATTATGAAAAGGATGT,ACGTTATTATGAAAAAGGATGT
Omy_redd1-410,GTACTCCCACTAACATACAGTAGACTCA,AAAATATCCTGCAAGGAAT,AATATCCTGCAAGAAAT
Omy_srp09-37,TAGTTGTATTAACTCTTCTTTGAGTCTAGA,TTGTGCTATTGACGCCACAG,TTGTGCTATTGACACCACAG
Omy_stat3-273,CAGACCTCCTCTATCTCCCTATGAG,TTTTCCAGACTCCAGTTTG,TTTTCCAGACTCAGTTTG
Omy_txnip-343,CCTTCAAACTAACGCATCATAGACATG,CCAACTGAAGAGATCTG,CAACTGAAGGGATCTG
Omy_u09-53.469,ACAGCCTGAGCGTTTGCA,TTGCAGCCCTTATTGTG,TTGCAGCCCTTGTTGTG
Omy_u09-54-311,GTGGCTCCCCAGGAACAAG,TGGTAATTATTCAACAGATCAGT,TGGTAATTATTCAACAAATCAGT
Omy_U11_2b-154,GGGAAGCAGAAAAACTGGAAGTT,AATGATACTTTTCAGATTGTAAC,TGATACTTTTCAGGTTGTAAC
Omy_vatf-406,TTGCTTCATTTTGTCATAACCTTGGG,TTGCAGATGACTATCCACA,TGCAGATGACTGTCCACA
OMY1011SNP,AGGCTGGTTTGGGATTCACTG,CTTTACCTCGAAGACAAT,ACTTTACCTCTAAGACAAT